jurisdiction_id,jurisdiction_name,legal_domain,region,legal_system,citation_endogamy_rate,sacred_language_freq,empirical_resistance,orthodoxy_requirement,exclusion_rate,journal_concentration,gatekeeper_concentration,csi_endogamy,csi_sacralization,csi_costly_signaling,csi_institutional_control,csi_total,reforms_proposed,reforms_implemented,implementation_rate,avg_implementation_months,alignment_score_mean,evaluation_mechanisms,evidence_based_revisions,reversal_rate,rei_implementation,rei_alignment,rei_adaptability,rei_total,gdp_per_capita,population,democracy_score,rule_of_law_score,ideological_orientation,notes,sources
AR_CRIM,Argentina,Criminal,Latin_America,Civil_Law,0.893,0.82,0.91,0.87,0.74,0.88,0.92,0.893,0.865,0.805,0.900,0.871,12,0,0.00,NA,-0.45,0.12,0.08,0.15,0.00,0.275,0.117,0.131,13467,45810000,7.02,0.42,Left,"Garantismo extremo, ultra-protector. 0% reformas sostenidas. Tasa encarcelamiento 3x Chile. Prisión preventiva >70%.","Carrió 2019; Binder 2020; CEJA 2021; SNEEP 2022"
AR_LABOR,Argentina,Labor,Latin_America,Civil_Law,0.887,0.79,0.88,0.92,0.81,0.86,0.89,0.887,0.835,0.865,0.875,0.867,15,1,0.07,87,-0.52,0.14,0.06,0.09,0.021,0.240,0.103,0.121,13467,45810000,7.02,0.42,Left,"Ultraactividad sacralizada. Informalidad 45%. Salarios estancados. Sindicalización cayó 26%.","Goldin 2018; MTEySS 2022; INDEC 2023"
AR_CONST,Argentina,Constitutional,Latin_America,Civil_Law,0.851,0.74,0.81,0.79,0.69,0.82,0.84,0.851,0.775,0.740,0.830,0.804,8,1,0.13,64,-0.31,0.21,0.11,0.19,0.039,0.345,0.170,0.185,13467,45810000,7.02,0.42,Left,"Constitutional lock-in alto. Reforma judicial bloqueada repetidamente.","Gargarella 2014; Nino 2017; CIPPEC 2021"
CL_CRIM,Chile,Criminal,Latin_America,Civil_Law,0.412,0.38,0.41,0.39,0.35,0.44,0.47,0.412,0.395,0.370,0.455,0.408,19,12,0.63,31,0.48,0.67,0.59,0.78,0.189,0.620,0.680,0.496,15346,19458000,7.92,0.83,Center,"Garantismo pragmático. 63% reformas exitosas. Justicia restaurativa implementada. Encarcelamiento 1/3 de Argentina.","Duce 2015; Riego 2018; CEJA 2021"
CL_LABOR,Chile,Labor,Latin_America,Civil_Law,0.387,0.34,0.36,0.42,0.31,0.41,0.43,0.387,0.350,0.365,0.420,0.381,14,9,0.64,28,0.39,0.61,0.54,0.71,0.192,0.545,0.620,0.452,15346,19458000,7.92,0.83,Center,"Reformas graduales implementadas. Balance protección-flexibilidad.","Dirección del Trabajo 2020; Banco Central 2022"
CL_CONST,Chile,Constitutional,Latin_America,Civil_Law,0.398,0.41,0.39,0.37,0.34,0.46,0.44,0.398,0.400,0.355,0.450,0.401,11,7,0.64,35,0.42,0.58,0.51,0.69,0.192,0.580,0.593,0.455,15346,19458000,7.92,0.83,Center,"Proceso constituyente pluralista. Debate más abierto post-2019.","Atria 2013; Couso 2020"
UY_CRIM,Uruguay,Criminal,Latin_America,Civil_Law,0.391,0.36,0.38,0.34,0.29,0.39,0.42,0.391,0.370,0.315,0.405,0.370,13,9,0.69,26,0.51,0.72,0.64,0.83,0.207,0.655,0.730,0.531,17278,3426000,8.38,0.71,Center-Left,"Enfoque pragmático reducción daño. Menores tasas encarcelamiento región.","Fundación Justicia y Sociedad 2019; INE Uruguay 2022"
UY_LABOR,Uruguay,Labor,Latin_America,Civil_Law,0.367,0.31,0.34,0.36,0.27,0.37,0.39,0.367,0.325,0.315,0.380,0.347,16,11,0.69,24,0.58,0.76,0.68,0.87,0.207,0.710,0.770,0.562,17278,3426000,8.38,0.71,Center-Left,"Ultraactividad eliminada 1991. Salarios reales +42%. Informalidad -35%. Sindicalización estable. MEJOR RESULTADO REGIONAL.","MTSS Uruguay 2020; Notaro 2018; BCU 2022"
UY_CONST,Uruguay,Constitutional,Latin_America,Civil_Law,0.379,0.35,0.36,0.38,0.31,0.41,0.40,0.379,0.355,0.345,0.405,0.371,9,6,0.67,29,0.46,0.69,0.61,0.79,0.201,0.625,0.697,0.508,17278,3426000,8.38,0.71,Center-Left,"Sistema proporcional permite pluralismo institucional.","Lanzaro 2012; Pérez 2019"
BR_CRIM,Brazil,Criminal,Latin_America,Civil_Law,,,,,,,,,,,,,,,,,,,,,,,,,214300000,,,,,
BR_LABOR,Brazil,Labor,Latin_America,Civil_Law,,,,,,,,,,,,,,,,,,,,,,,,,214300000,,,,,
BR_CONST,Brazil,Constitutional,Latin_America,Civil_Law,,,,,,,,,,,,,,,,,,,,,,,,,214300000,,,,,
CO_CRIM,Colombia,Criminal,Latin_America,Civil_Law,,,,,,,,,,,,,,,,,,,,,,,,,51265000,,,,,
CO_LABOR,Colombia,Labor,Latin_America,Civil_Law,,,,,,,,,,,,,,,,,,,,,,,,,51265000,,,,,
CO_CONST,Colombia,Constitutional,Latin_America,Civil_Law,,,,,,,,,,,,,,,,,,,,,,,,,51265000,,,,,
MX_CRIM,Mexico,Criminal,Latin_America,Civil_Law,,,,,,,,,,,,,,,,,,,,,,,,,128933000,,,,,
MX_LABOR,Mexico,Labor,Latin_America,Civil_Law,,,,,,,,,,,,,,,,,,,,,,,,,128933000,,,,,
MX_CONST,Mexico,Constitutional,Latin_America,Civil_Law,,,,,,,,,,,,,,,,,,,,,,,,,128933000,,,,,
PE_CRIM,Peru,Criminal,Latin_America,Civil_Law,,,,,,,,,,,,,,,,,,,,,,,,,33716000,,,,,
PE_LABOR,Peru,Labor,Latin_America,Civil_Law,,,,,,,,,,,,,,,,,,,,,,,,,33716000,,,,,
PE_CONST,Peru,Constitutional,Latin_America,Civil_Law,,,,,,,,,,,,,,,,,,,,,,,,,33716000,,,,,
VE_CRIM,Venezuela,Criminal,Latin_America,Civil_Law,,,,,,,,,,,,,,,,,,,,,,,,,28436000,,,,,
VE_LABOR,Venezuela,Labor,Latin_America,Civil_Law,,,,,,,,,,,,,,,,,,,,,,,,,28436000,,,,,
VE_CONST,Venezuela,Constitutional,Latin_America,Civil_Law,,,,,,,,,,,,,,,,,,,,,,,,,28436000,,,,,
BO_CRIM,Bolivia,Criminal,Latin_America,Civil_Law,,,,,,,,,,,,,,,,,,,,,,,,,11832000,,,,,
BO_LABOR,Bolivia,Labor,Latin_America,Civil_Law,,,,,,,,,,,,,,,,,,,,,,,,,11832000,,,,,
BO_CONST,Bolivia,Constitutional,Latin_America,Civil_Law,,,,,,,,,,,,,,,,,,,,,,,,,11832000,,,,,
EC_CRIM,Ecuador,Criminal,Latin_America,Civil_Law,,,,,,,,,,,,,,,,,,,,,,,,,17798000,,,,,
EC_LABOR,Ecuador,Labor,Latin_America,Civil_Law,,,,,,,,,,,,,,,,,,,,,,,,,17798000,,,,,
EC_CONST,Ecuador,Constitutional,Latin_America,Civil_Law,,,,,,,,,,,,,,,,,,,,,,,,,17798000,,,,,
PY_CRIM,Paraguay,Criminal,Latin_America,Civil_Law,,,,,,,,,,,,,,,,,,,,,,,,,7133000,,,,,
PY_LABOR,Paraguay,Labor,Latin_America,Civil_Law,,,,,,,,,,,,,,,,,,,,,,,,,7133000,,,,,
PY_CONST,Paraguay,Constitutional,Latin_America,Civil_Law,,,,,,,,,,,,,,,,,,,,,,,,,7133000,,,,,
CR_CRIM,Costa Rica,Criminal,Latin_America,Civil_Law,,,,,,,,,,,,,,,,,,,,,,,,,5094000,,,,,
CR_LABOR,Costa Rica,Labor,Latin_America,Civil_Law,,,,,,,,,,,,,,,,,,,,,,,,,5094000,,,,,
CR_CONST,Costa Rica,Constitutional,Latin_America,Civil_Law,,,,,,,,,,,,,,,,,,,,,,,,,5094000,,,,,
PA_CRIM,Panama,Criminal,Latin_America,Civil_Law,,,,,,,,,,,,,,,,,,,,,,,,,4315000,,,,,
PA_LABOR,Panama,Labor,Latin_America,Civil_Law,,,,,,,,,,,,,,,,,,,,,,,,,4315000,,,,,
PA_CONST,Panama,Constitutional,Latin_America,Civil_Law,,,,,,,,,,,,,,,,,,,,,,,,,4315000,,,,,
GT_CRIM,Guatemala,Criminal,Latin_America,Civil_Law,,,,,,,,,,,,,,,,,,,,,,,,,16859000,,,,,
GT_LABOR,Guatemala,Labor,Latin_America,Civil_Law,,,,,,,,,,,,,,,,,,,,,,,,,16859000,,,,,
GT_CONST,Guatemala,Constitutional,Latin_America,Civil_Law,,,,,,,,,,,,,,,,,,,,,,,,,16859000,,,,,
DO_CRIM,Dominican Republic,Criminal,Latin_America,Civil_Law,,,,,,,,,,,,,,,,,,,,,,,,,10848000,,,,,
DO_LABOR,Dominican Republic,Labor,Latin_America,Civil_Law,,,,,,,,,,,,,,,,,,,,,,,,,10848000,,,,,
DO_CONST,Dominican Republic,Constitutional,Latin_America,Civil_Law,,,,,,,,,,,,,,,,,,,,,,,,,10848000,,,,,
DE_CRIM,Germany,Criminal,Europe,Civil_Law,,,,,,,,,,,,,,,,,,,,,,,,,83784000,,,,,
DE_LABOR,Germany,Labor,Europe,Civil_Law,,,,,,,,,,,,,,,,,,,,,,,,,83784000,,,,,
DE_CONST,Germany,Constitutional,Europe,Civil_Law,,,,,,,,,,,,,,,,,,,,,,,,,83784000,,,,,
FR_CRIM,France,Criminal,Europe,Civil_Law,,,,,,,,,,,,,,,,,,,,,,,,,65274000,,,,,
FR_LABOR,France,Labor,Europe,Civil_Law,,,,,,,,,,,,,,,,,,,,,,,,,65274000,,,,,
FR_CONST,France,Constitutional,Europe,Civil_Law,,,,,,,,,,,,,,,,,,,,,,,,,65274000,,,,,
UK_CRIM,United Kingdom,Criminal,Europe,Common_Law,,,,,,,,,,,,,,,,,,,,,,,,,67886000,,,,,
UK_LABOR,United Kingdom,Labor,Europe,Common_Law,,,,,,,,,,,,,,,,,,,,,,,,,67886000,,,,,
UK_CONST,United Kingdom,Constitutional,Europe,Common_Law,,,,,,,,,,,,,,,,,,,,,,,,,67886000,,,,,
ES_CRIM,Spain,Criminal,Europe,Civil_Law,,,,,,,,,,,,,,,,,,,,,,,,,46755000,,,,,
ES_LABOR,Spain,Labor,Europe,Civil_Law,,,,,,,,,,,,,,,,,,,,,,,,,46755000,,,,,
ES_CONST,Spain,Constitutional,Europe,Civil_Law,,,,,,,,,,,,,,,,,,,,,,,,,46755000,,,,,
IT_CRIM,Italy,Criminal,Europe,Civil_Law,,,,,,,,,,,,,,,,,,,,,,,,,60462000,,,,,
IT_LABOR,Italy,Labor,Europe,Civil_Law,,,,,,,,,,,,,,,,,,,,,,,,,60462000,,,,,
IT_CONST,Italy,Constitutional,Europe,Civil_Law,,,,,,,,,,,,,,,,,,,,,,,,,60462000,,,,,
NL_CRIM,Netherlands,Criminal,Europe,Civil_Law,,,,,,,,,,,,,,,,,,,,,,,,,17135000,,,,,
NL_LABOR,Netherlands,Labor,Europe,Civil_Law,,,,,,,,,,,,,,,,,,,,,,,,,17135000,,,,,
NL_CONST,Netherlands,Constitutional,Europe,Civil_Law,,,,,,,,,,,,,,,,,,,,,,,,,17135000,,,,,
SE_CRIM,Sweden,Criminal,Europe,Civil_Law,,,,,,,,,,,,,,,,,,,,,,,,,10099000,,,,,
SE_LABOR,Sweden,Labor,Europe,Civil_Law,,,,,,,,,,,,,,,,,,,,,,,,,10099000,,,,,
SE_CONST,Sweden,Constitutional,Europe,Civil_Law,,,,,,,,,,,,,,,,,,,,,,,,,10099000,,,,,
NO_CRIM,Norway,Criminal,Europe,Civil_Law,,,,,,,,,,,,,,,,,,,,,,,,,5421000,,,,,
NO_LABOR,Norway,Labor,Europe,Civil_Law,,,,,,,,,,,,,,,,,,,,,,,,,5421000,,,,,
NO_CONST,Norway,Constitutional,Europe,Civil_Law,,,,,,,,,,,,,,,,,,,,,,,,,5421000,,,,,
DK_CRIM,Denmark,Criminal,Europe,Civil_Law,,,,,,,,,,,,,,,,,,,,,,,,,5792000,,,,,
DK_LABOR,Denmark,Labor,Europe,Civil_Law,,,,,,,,,,,,,,,,,,,,,,,,,5792000,,,,,
DK_CONST,Denmark,Constitutional,Europe,Civil_Law,,,,,,,,,,,,,,,,,,,,,,,,,5792000,,,,,
FI_CRIM,Finland,Criminal,Europe,Civil_Law,,,,,,,,,,,,,,,,,,,,,,,,,5540000,,,,,
FI_LABOR,Finland,Labor,Europe,Civil_Law,,,,,,,,,,,,,,,,,,,,,,,,,5540000,,,,,
FI_CONST,Finland,Constitutional,Europe,Civil_Law,,,,,,,,,,,,,,,,,,,,,,,,,5540000,,,,,
PL_CRIM,Poland,Criminal,Europe,Civil_Law,,,,,,,,,,,,,,,,,,,,,,,,,37847000,,,,,
PL_LABOR,Poland,Labor,Europe,Civil_Law,,,,,,,,,,,,,,,,,,,,,,,,,37847000,,,,,
PL_CONST,Poland,Constitutional,Europe,Civil_Law,,,,,,,,,,,,,,,,,,,,,,,,,37847000,,,,,
PT_CRIM,Portugal,Criminal,Europe,Civil_Law,,,,,,,,,,,,,,,,,,,,,,,,,10196000,,,,,
PT_LABOR,Portugal,Labor,Europe,Civil_Law,,,,,,,,,,,,,,,,,,,,,,,,,10196000,,,,,
PT_CONST,Portugal,Constitutional,Europe,Civil_Law,,,,,,,,,,,,,,,,,,,,,,,,,10196000,,,,,
BE_CRIM,Belgium,Criminal,Europe,Civil_Law,,,,,,,,,,,,,,,,,,,,,,,,,11590000,,,,,
BE_LABOR,Belgium,Labor,Europe,Civil_Law,,,,,,,,,,,,,,,,,,,,,,,,,11590000,,,,,
BE_CONST,Belgium,Constitutional,Europe,Civil_Law,,,,,,,,,,,,,,,,,,,,,,,,,11590000,,,,,
AT_CRIM,Austria,Criminal,Europe,Civil_Law,,,,,,,,,,,,,,,,,,,,,,,,,9006000,,,,,
AT_LABOR,Austria,Labor,Europe,Civil_Law,,,,,,,,,,,,,,,,,,,,,,,,,9006000,,,,,
AT_CONST,Austria,Constitutional,Europe,Civil_Law,,,,,,,,,,,,,,,,,,,,,,,,,9006000,,,,,
CH_CRIM,Switzerland,Criminal,Europe,Civil_Law,,,,,,,,,,,,,,,,,,,,,,,,,8655000,,,,,
CH_LABOR,Switzerland,Labor,Europe,Civil_Law,,,,,,,,,,,,,,,,,,,,,,,,,8655000,,,,,
CH_CONST,Switzerland,Constitutional,Europe,Civil_Law,,,,,,,,,,,,,,,,,,,,,,,,,8655000,,,,,
US_FED_CRIM,United States Federal,Criminal,Common_Law,Common_Law,,,,,,,,,,,,,,,,,,,,,,,,,331003000,,,,,
US_FED_LABOR,United States Federal,Labor,Common_Law,Common_Law,,,,,,,,,,,,,,,,,,,,,,,,,331003000,,,,,
US_FED_CONST,United States Federal,Constitutional,Common_Law,Common_Law,,,,,,,,,,,,,,,,,,,,,,,,,331003000,,,,,
US_CA_CRIM,California,Criminal,Common_Law,Common_Law,,,,,,,,,,,,,,,,,,,,,,,,,39538000,,,,,
US_CA_LABOR,California,Labor,Common_Law,Common_Law,,,,,,,,,,,,,,,,,,,,,,,,,39538000,,,,,
US_CA_CONST,California,Constitutional,Common_Law,Common_Law,,,,,,,,,,,,,,,,,,,,,,,,,39538000,,,,,
US_TX_CRIM,Texas,Criminal,Common_Law,Common_Law,0.341,0.29,0.32,0.31,0.26,0.36,0.38,0.341,0.305,0.285,0.370,0.325,21,16,0.76,22,0.62,0.81,0.74,0.88,0.228,0.740,0.810,0.593,65000,29145000,8.22,0.86,Right,"Conservadurismo pragmático. Reformas graduales redujeron encarcelamiento 26% (2007-2019). PARADOJA: jurisdicción 'conservadora' logró más desencarcelamiento que jurisdicciones 'progresistas'.","Texas Criminal Justice Coalition 2019; Pew Charitable Trusts 2020; Vera Institute 2021"
US_TX_LABOR,Texas,Labor,Common_Law,Common_Law,,,,,,,,,,,,,,,,,,,,,,,,,29145000,,,,,
US_TX_CONST,Texas,Constitutional,Common_Law,Common_Law,,,,,,,,,,,,,,,,,,,,,,,,,29145000,,,,,
US_NY_CRIM,New York,Criminal,Common_Law,Common_Law,,,,,,,,,,,,,,,,,,,,,,,,,19453000,,,,,
US_NY_LABOR,New York,Labor,Common_Law,Common_Law,,,,,,,,,,,,,,,,,,,,,,,,,19453000,,,,,
US_NY_CONST,New York,Constitutional,Common_Law,Common_Law,,,,,,,,,,,,,,,,,,,,,,,,,19453000,,,,,
US_IL_CRIM,Illinois,Criminal,Common_Law,Common_Law,0.782,0.71,0.79,0.74,0.68,0.76,0.81,0.782,0.750,0.710,0.785,0.757,18,4,0.22,73,-0.21,0.19,0.14,0.28,0.066,0.395,0.203,0.221,68000,12812000,8.22,0.86,Left,"Influencia abolicionista ortodoxa fuerte. Reformas bloqueadas por pruebas de pureza. Encarcelamiento estable a pesar de discurso progresista. PARADOJA: jurisdicción 'progresista' falló donde Texas 'conservador' tuvo éxito.","Illinois Criminal Justice Information Authority 2020; Bail Reform Project 2021"
US_IL_LABOR,Illinois,Labor,Common_Law,Common_Law,,,,,,,,,,,,,,,,,,,,,,,,,12812000,,,,,
US_IL_CONST,Illinois,Constitutional,Common_Law,Common_Law,,,,,,,,,,,,,,,,,,,,,,,,,12812000,,,,,
CA_CRIM,Canada,Criminal,Common_Law,Common_Law,,,,,,,,,,,,,,,,,,,,,,,,,37742000,,,,,
CA_LABOR,Canada,Labor,Common_Law,Common_Law,,,,,,,,,,,,,,,,,,,,,,,,,37742000,,,,,
CA_CONST,Canada,Constitutional,Common_Law,Common_Law,,,,,,,,,,,,,,,,,,,,,,,,,37742000,,,,,
AU_CRIM,Australia,Criminal,Common_Law,Common_Law,,,,,,,,,,,,,,,,,,,,,,,,,25500000,,,,,
AU_LABOR,Australia,Labor,Common_Law,Common_Law,,,,,,,,,,,,,,,,,,,,,,,,,25500000,,,,,
AU_CONST,Australia,Constitutional,Common_Law,Common_Law,,,,,,,,,,,,,,,,,,,,,,,,,25500000,,,,,
NZ_CRIM,New Zealand,Criminal,Common_Law,Common_Law,,,,,,,,,,,,,,,,,,,,,,,,,4822000,,,,,
NZ_LABOR,New Zealand,Labor,Common_Law,Common_Law,,,,,,,,,,,,,,,,,,,,,,,,,4822000,,,,,
NZ_CONST,New Zealand,Constitutional,Common_Law,Common_Law,,,,,,,,,,,,,,,,,,,,,,,,,4822000,,,,,
IN_CRIM,India,Criminal,Asia,Mixed,,,,,,,,,,,,,,,,,,,,,,,,,1380000000,,,,,
IN_LABOR,India,Labor,Asia,Mixed,,,,,,,,,,,,,,,,,,,,,,,,,1380000000,,,,,
IN_CONST,India,Constitutional,Asia,Mixed,,,,,,,,,,,,,,,,,,,,,,,,,1380000000,,,,,
ZA_CRIM,South Africa,Criminal,Africa,Mixed,,,,,,,,,,,,,,,,,,,,,,,,,59309000,,,,,
ZA_LABOR,South Africa,Labor,Africa,Mixed,,,,,,,,,,,,,,,,,,,,,,,,,59309000,,,,,
ZA_CONST,South Africa,Constitutional,Africa,Mixed,,,,,,,,,,,,,,,,,,,,,,,,,59309000,,,,,
JP_CRIM,Japan,Criminal,Asia,Civil_Law,,,,,,,,,,,,,,,,,,,,,,,,,126476000,,,,,
JP_LABOR,Japan,Labor,Asia,Civil_Law,,,,,,,,,,,,,,,,,,,,,,,,,126476000,,,,,
JP_CONST,Japan,Constitutional,Asia,Civil_Law,,,,,,,,,,,,,,,,,,,,,,,,,126476000,,,,,
KR_CRIM,South Korea,Criminal,Asia,Civil_Law,,,,,,,,,,,,,,,,,,,,,,,,,51269000,,,,,
KR_LABOR,South Korea,Labor,Asia,Civil_Law,,,,,,,,,,,,,,,,,,,,,,,,,51269000,,,,,
KR_CONST,South Korea,Constitutional,Asia,Civil_Law,,,,,,,,,,,,,,,,,,,,,,,,,51269000,,,,,
TW_CRIM,Taiwan,Criminal,Asia,Civil_Law,,,,,,,,,,,,,,,,,,,,,,,,,23817000,,,,,
TW_LABOR,Taiwan,Labor,Asia,Civil_Law,,,,,,,,,,,,,,,,,,,,,,,,,23817000,,,,,
TW_CONST,Taiwan,Constitutional,Asia,Civil_Law,,,,,,,,,,,,,,,,,,,,,,,,,23817000,,,,,
SG_CRIM,Singapore,Criminal,Asia,Mixed,,,,,,,,,,,,,,,,,,,,,,,,,5850000,,,,,
SG_LABOR,Singapore,Labor,Asia,Mixed,,,,,,,,,,,,,,,,,,,,,,,,,5850000,,,,,
SG_CONST,Singapore,Constitutional,Asia,Mixed,,,,,,,,,,,,,,,,,,,,,,,,,5850000,,,,,
IL_CRIM,Israel,Criminal,Asia,Mixed,,,,,,,,,,,,,,,,,,,,,,,,,8656000,,,,,
IL_LABOR,Israel,Labor,Asia,Mixed,,,,,,,,,,,,,,,,,,,,,,,,,8656000,,,,,
IL_CONST,Israel,Constitutional,Asia,Mixed,,,,,,,,,,,,,,,,,,,,,,,,,8656000,,,,,
KE_CRIM,Kenya,Criminal,Africa,Mixed,,,,,,,,,,,,,,,,,,,,,,,,,53771000,,,,,
KE_LABOR,Kenya,Labor,Africa,Mixed,,,,,,,,,,,,,,,,,,,,,,,,,53771000,,,,,
KE_CONST,Kenya,Constitutional,Africa,Mixed,,,,,,,,,,,,,,,,,,,,,,,,,53771000,,,,,
NG_CRIM,Nigeria,Criminal,Africa,Mixed,,,,,,,,,,,,,,,,,,,,,,,,,206140000,,,,,
NG_LABOR,Nigeria,Labor,Africa,Mixed,,,,,,,,,,,,,,,,,,,,,,,,,206140000,,,,,
NG_CONST,Nigeria,Constitutional,Africa,Mixed,,,,,,,,,,,,,,,,,,,,,,,,,206140000,,,,,
GH_CRIM,Ghana,Criminal,Africa,Mixed,,,,,,,,,,,,,,,,,,,,,,,,,31073000,,,,,
GH_LABOR,Ghana,Labor,Africa,Mixed,,,,,,,,,,,,,,,,,,,,,,,,,31073000,,,,,
GH_CONST,Ghana,Constitutional,Africa,Mixed,,,,,,,,,,,,,,,,,,,,,,,,,31073000,,,,,
EG_CRIM,Egypt,Criminal,Africa,Civil_Law,,,,,,,,,,,,,,,,,,,,,,,,,102334000,,,,,
EG_LABOR,Egypt,Labor,Africa,Civil_Law,,,,,,,,,,,,,,,,,,,,,,,,,102334000,,,,,
EG_CONST,Egypt,Constitutional,Africa,Civil_Law,,,,,,,,,,,,,,,,,,,,,,,,,102334000,,,,,
MA_CRIM,Morocco,Criminal,Africa,Civil_Law,,,,,,,,,,,,,,,,,,,,,,,,,36911000,,,,,
MA_LABOR,Morocco,Labor,Africa,Civil_Law,,,,,,,,,,,,,,,,,,,,,,,,,36911000,,,,,
MA_CONST,Morocco,Constitutional,Africa,Civil_Law,,,,,,,,,,,,,,,,,,,,,,,,,36911000,,,,,
